Workbook

Sheet Сводка
A1: Раздел | B1: Этап 1 мин., тыс. ₽ | C1: Этап 1 макс., тыс. ₽ | D1: Среднее, тыс. ₽ | E1: Газ этап 2 мин. | F1: Газ этап 2 макс.
A2: 291-ОВК Вентиляция и кондиционирование | B2: ='ОВК'!F59/1000 | C2: ='ОВК'!G59/1000 | D2: =(B2+C2)/2 | E2: 0 | F2: 0
A3: 291-ОВ Отопление, тёплые полы, котельная | B3: ='ОВ'!F47/1000 | C3: ='ОВ'!G47/1000 | D3: =(B3+C3)/2 | E3: 325 | F3: 798
A4: 291-ВК Водоснабжение и канализация (внутренние) | B4: ='ВК'!F35/1000 | C4: ='ВК'!G35/1000 | D4: =(B4+C4)/2 | E4: 0 | F4: 0
A5: 291-ЭОМ Электрооборудование и освещение | B5: ='ЭОМ'!F26/1000 | C5: ='ЭОМ'!G26/1000 | D5: =(B5+C5)/2 | E5: 0 | F5: 0
A6: 291-СС Слаботочные системы | B6: ='СС'!F24/1000 | C6: ='СС'!G24/1000 | D6: =(B6+C6)/2 | E6: 0 | F6: 0
A7: 291-МЗ.ПС Молниезащита, заземление, пожарная сигнализация | B7: ='МЗ-ПС'!F25/1000 | C7: ='МЗ-ПС'!G25/1000 | D7: =(B7+C7)/2 | E7: 20 | F7: 51
A8: 291-НС Наружные сети (предварительно) | B8: ='НС'!F12/1000 | C8: ='НС'!G12/1000 | D8: =(B8+C8)/2 | E8: =SUMIF('НС'!H2:H11,"этап 2",'НС'!F2:F11)/1000 | F8: =SUMIF('НС'!H2:H11,"этап 2",'НС'!G2:G11)/1000
A9: ИТОГО по разделам РД | B9: =SUM(B2:B8) | C9: =SUM(C2:C8) | D9: =SUM(D2:D8) | E9: =SUM(E2:E8) | F9: =SUM(F2:F8)

Sheet ОВК
A1: Позиция | B1: Ед. | C1: Кол-во | D1: Цена мин., ₽ | E1: Цена макс., ₽ | F1: Сумма мин., ₽ | G1: Сумма макс., ₽ | H1: Примечание
A2: Приточно-вытяжная установка с роторным рекуператором (η≥75%), L=1050 м³/ч, Pсв=250 Па, EC-вентиляторы, электронагреватель 3.5 кВт / 380 В, фильтры приток ePM1 55% (F7), вытяжка ePM10 50% (M5), автоматика с пультом и датчиком CO₂ | B2: компл. | C2: 1 | D2: 450000 | E2: 800000 | F2: =C2*D2 | G2: =C2*E2
A3: Шумоглушитель круглый Ø315, L=1000 мм | B3: шт. | C3: 4 | D3: 6000 | E3: 10000 | F3: =C3*D3 | G3: =C3*E3
A4: Клапан воздушный утеплённый Ø315 с электроприводом и возвратной пружиной (24 В) | B4: шт. | C4: 2 | D4: 25000 | E4: 40000 | F4: =C4*D4 | G4: =C4*E4
A5: Гибкая вставка Ø315 | B5: шт. | C5: 4 | D5: 2000 | E5: 4000 | F5: =C5*D5 | G5: =C5*E5
A6: Узел воздухозаборный через фальцевую кровлю Ø315 с зонтом и сеткой | B6: компл. | C6: 1 | D6: 25000 | E6: 45000 | F6: =C6*D6 | G6: =C6*E6
A7: Узел прохода вытяжной шахты через фальцевую кровлю Ø315 с зонтом | B7: компл. | C7: 1 | D7: 25000 | E7: 45000 | F7: =C7*D7 | G7: =C7*E7
A8: Диффузор потолочный круглый (ДПУ-М) Ø100…Ø200 | B8: шт. | C8: 14 | D8: 1500 | E8: 3500 | F8: =C8*D8 | G8: =C8*E8
A9: Диффузор потолочный/стеновой с пленумом под 2…4 воздуховода Ø90 | B9: шт. | C9: 17 | D9: 5000 | E9: 10000 | F9: =C9*D9 | G9: =C9*E9
A10: Распределительный коллектор (камера статического давления) Ø200/Ø160, 6…14 выходов Ø90, со звукопоглощением и ревизией | B10: шт. | C10: 4 | D10: 25000 | E10: 45000 | F10: =C10*D10 | G10: =C10*E10
A11: Воздуховод полимерный гибкий двухслойный Ø90 с антистатическим и антибактериальным покрытием | B11: м | C11: 420 | D11: 400 | E11: 700 | F11: =C11*D11 | G11: =C11*E11
A12: Дроссель-клапан Ø125…Ø315 с ручным приводом | B12: шт. | C12: 16 | D12: 1500 | E12: 3000 | F12: =C12*D12 | G12: =C12*E12
A13: Воздуховоды из оцинкованной стали круглые спирально-навивные, δ=0,5 мм, Ø125…Ø315 (ГОСТ 14918-2020) | B13: м² | C13: 90 | D13: 1200 | E13: 2000 | F13: =C13*D13 | G13: =C13*E13
... A18: Приточная установка компактная, L=400 м³/ч, Pсв=200 Па, электронагреватель 6 кВт / 380 В, фильтр G4, клапан с эл. приводом, автоматика с блокировкой от зонта | B18: компл. | C18: 1 | D18: 120000 | E18: 220000 | F18: =C18*D18 | G18: =C18*E18
A19: Вытяжной зонт кухонный с вентилятором, L=450 м³/ч | B19: шт. | C19: 1 | D19: 0 | E19: 0 | F19: =C19*D19 | G19: =C19*E19 | H19: поставка заказчика
A20: Клапан обратный Ø200 | B20: шт. | C20: 1 | D20: 1500 | E20: 3000 | F20: =C20*D20 | G20: =C20*E20
A21: Воздуховоды из оцинкованной стали Ø200, δ=0,5 мм | B21: м² | C21: 12 | D21: 1200 | E21: 2000 | F21: =C21*D21 | G21: =C21*E21
A22: Изоляция вспененный каучук δ=32 мм с покрытием | B22: м² | C22: 12 | D22: 3000 | E22: 4500 | F22: =C22*D22 | G22: =C22*E22
A23: Узел прохода через кровлю Ø200 с зонтом | B23: компл. | C23: 1 | D23: 15000 | E23: 30000 | F23: =C23*D23 | G23: =C23*E23
A24: Решётка наружная Ø200 с сеткой | B24: шт. | C24: 1 | D24: 2000 | E24: 4000 | F24: =C24*D24 | G24: =C24*E24
A25: Решётка/диффузор приточный 400×150 с регулятором | B25: шт. | C25: 1 | D25: 3000 | E25: 6000 | F25: =C25*D25 | G25: =C25*E25
A26: Вентилятор канальный термостойкий (до +120 °C), L=130 м³/ч, Pсв=150 Па, Ø125 | B26: шт. | C26: 1 | D26: 25000 | E26: 50000 | F26: =C26*D26 | G26: =C26*E26
A27: Клапан вытяжной для сауны регулируемый (дерево/нерж.) Ø125 | B27: шт. | C27: 1 | D27: 3000 | E27: 6000 | F27: =C27*D27 | G27: =C27*E27
A28: Клапан обратный Ø125 | B28: шт. | C28: 1 | D28: 1000 | E28: 2000 | F28: =C28*D28 | G28: =C28*E28
A29: Воздуховод из нержавеющей стали Ø125, δ=0,5 мм | B29: м | C29: 10 | D29: 1500 | E29: 3000 | F29: =C29*D29 | G29: =C29*E29
A30: Изоляция базальтовая фольгированная δ=30 мм | B30: м² | C30: 4 | D30: 600 | E30: 1000 | F30: =C30*D30 | G30: =C30*E30
A31: Узел прохода через кровлю Ø125 с зонтом | B31: компл. | C31: 1 | D31: 12000 | E31: 25000 | F31: =C31*D31 | G31: =C31*E31
... A54: Пульт управления проводной индивидуальный | B54: шт. | C54: 11 | D54: 6000 | E54: 12000 | F54: =C54*D54 | G54: =C54*E54
A55: Материалы и оборудование (этап 1) | F55: =SUMIF(H2:H54,"",F2:F54) | G55: =SUMIF(H2:H54,"",G2:G54)
A56: Монтажные работы | F56: 1190070 | G56: 1700100 | H56: оценка
A57: Крепёж, расходники, доставка | F57: 170010 | G57: 272016 | H57: оценка
A58: Пусконаладка: аэродинамические испытания, балансировка, пуск VRF | F58: 80000 | G58: 150000 | H58: оценка
A59: ИТОГО этап 1 | F59: =SUM(F55:F58) | G59: =SUM(G55:G58)

Sheet ОВ
A1: Позиция | B1: Ед. | C1: Кол-во | D1: Цена мин., ₽ | E1: Цена макс., ₽ | F1: Сумма мин., ₽ | G1: Сумма макс., ₽ | H1: Примечание
A2: Котёл пеллетный 50 кВт с автоматическим розжигом, модуляцией, бункером 500 л, автоочисткой теплообменника | B2: компл. | C2: 1 | D2: 700000 | E2: 2000000 | F2: =C2*D2 | G2: =C2*E2
A3: Подача пеллет со склада (шнек/вакуум) с огнезащитной муфтой | B3: компл. | C3: 1 | D3: 120000 | E3: 350000 | F3: =C3*D3 | G3: =C3*E3
A4: Котёл электрический 24 кВт, 380 В, 3 ступени | B4: шт. | C4: 1 | D4: 50000 | E4: 110000 | F4: =C4*D4 | G4: =C4*E4
A5: Котёл газовый конденсационный 50 кВт с коаксиальным дымоходом | B5: шт. | C5: 1 | D5: 250000 | E5: 550000 | F5: =C5*D5 | G5: =C5*E5 | H5: этап 2
A6: Буферная ёмкость 1000 л с теплоизоляцией | B6: шт. | C6: 1 | D6: 120000 | E6: 220000 | F6: =C6*D6 | G6: =C6*E6
A7: Бойлер косвенного нагрева 300 л, змеевик ≥ 30 кВт | B7: шт. | C7: 1 | D7: 90000 | E7: 180000 | F7: =C7*D7 | G7: =C7*E7
A8: Термосмесительный клапан защиты обратки 55 °C, Ду32 | B8: шт. | C8: 1 | D8: 10000 | E8: 20000 | F8: =C8*D8 | G8: =C8*E8
A9: Насосные группы (прямая/смесительная), Ду25…32, насосы с ЭК | B9: компл. | C9: 6 | D9: 35000 | E9: 70000 | F9: =C9*D9 | G9: =C9*E9
A10: Гидрострелка/распределительный коллектор на 5 контуров | B10: шт. | C10: 1 | D10: 40000 | E10: 80000 | F10: =C10*D10 | G10: =C10*E10
A11: Погодозависимый каскадный контроллер с GSM/Wi-Fi | B11: компл. | C11: 1 | D11: 60000 | E11: 150000 | F11: =C11*D11 | G11: =C11*E11
A12: Расширительные баки: отопление 50 л, ГВС 24 л | B12: шт. | C12: 2 | D12: 6000 | E12: 15000 | F12: =C12*D12 | G12: =C12*E12
A13: Группы безопасности котлов, клапан термозащиты К1 | B13: компл. | C13: 3 | D13: 5000 | E13: 12000 | F13: =C13*D13 | G13: =C13*E13
A14: Дымоход-сэндвич Ø150 нерж., по фасаду, с кронштейнами и разделкой | B14: компл. | C14: 1 | D14: 120000 | E14: 220000 | F14: =C14*D14 | G14: =C14*E14
A15: Огнезащитная облицовка котельной (ЦСП, базальтовый картон, керамогранит) | B15: м² | C15: 45 | D15: 3000 | E15: 6000 | F15: =C15*D15 | G15: =C15*E15
A16: Дверь противопожарная EI 30 | B16: шт. | C16: 1 | D16: 35000 | E16: 70000 | F16: =C16*D16 | G16: =C16*E16
A17: Датчик угарного газа с сиреной | B17: шт. | C17: 1 | D17: 4000 | E17: 10000 | F17: =C17*D17 | G17: =C17*E17
... A42: Блок питания 24 В для вентиляторных конвекторов | B42: шт. | C42: 2 | D42: 6000 | E42: 12000 | F42: =C42*D42 | G42: =C42*E42
A43: Материалы и оборудование (этап 1) | F43: =SUMIF(H2:H42,"",F2:F42) | G43: =SUMIF(H2:H42,"",G2:G42)
A44: Монтажные работы | F44: 1260120 | G44: 1890180 | H44: оценка
A45: Крепёж, расходники, доставка | F45: 210020 | G45: 336032 | H45: оценка
A46: Пусконаладка котельной, гидравлическая балансировка тёплых полов | F46: 60000 | G46: 150000 | H46: оценка
A47: ИТОГО этап 1 | F47: =SUM(F43:F46) | G47: =SUM(G43:G46)

Sheet ВК
A1: Позиция | B1: Ед. | C1: Кол-во | D1: Цена мин., ₽ | E1: Цена макс., ₽ | F1: Сумма мин., ₽ | G1: Сумма макс., ₽ | H1: Примечание
A2: Кран шаровой Ду32, фильтр сетчатый Ду32, обратный клапан Ду32 | B2: компл. | C2: 1 | D2: 6000 | E2: 12000 | F2: =C2*D2 | G2: =C2*E2
A3: Счётчик холодной воды Ду20…25 с импульсным выходом (по ТУ) | B3: шт. | C3: 1 | D3: 3000 | E3: 8000 | F3: =C3*D3 | G3: =C3*E3
A4: Редуктор давления Ду32 с манометром | B4: шт. | C4: 1 | D4: 6000 | E4: 15000 | F4: =C4*D4 | G4: =C4*E4
A5: Фильтр тонкой очистки самопромывной Ду32 | B5: шт. | C5: 1 | D5: 10000 | E5: 25000 | F5: =C5*D5 | G5: =C5*E5
A6: Система защиты от протечек: контроллер, 3 крана с электроприводом, 12 датчиков | B6: компл. | C6: 1 | D6: 40000 | E6: 90000 | F6: =C6*D6 | G6: =C6*E6
A7: Насосная станция повышения давления (при необходимости по замеру) | B7: компл. | C7: 1 | D7: 40000 | E7: 120000 | F7: =C7*D7 | G7: =C7*E7
A8: Труба ПЭ100 SDR11 Ø32 (ввод, от фундамента до ВУ) | B8: м | C8: 5 | D8: 150 | E8: 300 | F8: =C8*D8 | G8: =C8*E8
A9: Труба PE-Xa 25×3,5 / 32×4,4 в теплоизоляции (магистрали, стояки В1, Т3) | B9: м | C9: 140 | D9: 500 | E9: 900 | F9: =C9*D9 | G9: =C9*E9
A10: Труба PE-Xa 16×2,2 / 20×2,8 в гофре (подводки, Т4) | B10: м | C10: 320 | D10: 200 | E10: 400 | F10: =C10*D10 | G10: =C10*E10
A11: Коллекторы сантехнические с кранами на 3…6 выходов | B11: шт. | C11: 8 | D11: 6000 | E11: 15000 | F11: =C11*D11 | G11: =C11*E11
A12: Клапан балансировочный термостатический Т4 Ду15 | B12: шт. | C12: 2 | D12: 5000 | E12: 10000 | F12: =C12*D12 | G12: =C12*E12
A13: Труба ПП малошумная Ø110 (стояки, выпуски) | B13: м | C13: 70 | D13: 700 | E13: 1300 | F13: =C13*D13 | G13: =C13*E13
... A19: Трап с сухим затвором Ø50/110 | B19: шт. | C19: 3 | D19: 8000 | E19: 25000 | F19: =C19*D19 | G19: =C19*E19
A20: Ванна | B20: шт. | C20: 4 | D20: 0 | E20: 0 | F20: =C20*D20 | G20: =C20*E20 | H20: поставка заказчика
A21: Душ | B21: шт. | C21: 4 | D21: 0 | E21: 0 | F21: =C21*D21 | G21: =C21*E21 | H21: поставка заказчика
A22: Мойка | B22: шт. | C22: 1 | D22: 0 | E22: 0 | F22: =C22*D22 | G22: =C22*E22 | H22: поставка заказчика
A23: Мойка хоз. | B23: шт. | C23: 2 | D23: 0 | E23: 0 | F23: =C23*D23 | G23: =C23*E23 | H23: поставка заказчика
A24: Посудомоечная машина | B24: шт. | C24: 1 | D24: 0 | E24: 0 | F24: =C24*D24 | G24: =C24*E24 | H24: поставка заказчика
A25: Стиральная машина | B25: шт. | C25: 2 | D25: 0 | E25: 0 | F25: =C25*D25 | G25: =C25*E25 | H25: поставка заказчика
A26: Умывальник | B26: шт. | C26: 7 | D26: 0 | E26: 0 | F26: =C26*D26 | G26: =C26*E26 | H26: поставка заказчика
A27: Унитаз | B27: шт. | C27: 6 | D27: 0 | E27: 0 | F27: =C27*D27 | G27: =C27*E27 | H27: поставка заказчика
A28: Инсталляции для подвесных унитазов | B28: шт. | C28: 6 | D28: 15000 | E28: 35000 | F28: =C28*D28 | G28: =C28*E28
A29: Поливочный кран морозостойкий | B29: шт. | C29: 1 | D29: 6000 | E29: 15000 | F29: =C29*D29 | G29: =C29*E29
A30: Материалы и оборудование (этап 1) | F30: =SUMIF(H2:H29,"",F2:F29) | G30: =SUMIF(H2:H29,"",G2:G29)
A31: Монтажные работы | F31: 268312 | G31: 357750 | H31: оценка
A32: Крепёж, расходники, доставка | F32: 35775 | G32: 59625 | H32: оценка
A33: Установка сантехприборов заказчика (27 шт.) | F33: 108000 | G33: 270000 | H33: оценка
A34: Гидравлические испытания, промывка, акты | F34: 20000 | G34: 50000 | H34: оценка
A35: ИТОГО этап 1 | F35: =SUM(F30:F34) | G35: =SUM(G30:G34)

Sheet ЭОМ
A1: Позиция | B1: Ед. | C1: Кол-во | D1: Цена мин., ₽ | E1: Цена макс., ₽ | F1: Сумма мин., ₽ | G1: Сумма макс., ₽ | H1: Примечание
A2: Шкаф учёта уличный с QF C80 3P и счётчиком 3ф (по ТУ) | B2: компл. | C2: 1 | D2: 40000 | E2: 90000 | F2: =C2*D2 | G2: =C2*E2
A3: Щит распределительный навесной 72 мод.: QS 100 A, QF C80 3P, УЗИП I+II, реле приоритета, шины N/PE, автоматы отходящих линий | B3: компл. | C3: 1 | D3: 180000 | E3: 400000 | F3: =C3*D3 | G3: =C3*E3
A4: Щит распределительный встраиваемый 72/48 мод. с автоматами и УЗО по схемам | B4: компл. | C4: 2 | D4: 120000 | E4: 280000 | F4: =C4*D4 | G4: =C4*E4
A5: Щит навесной 36/24 мод. с автоматами по схемам | B5: компл. | C5: 2 | D5: 50000 | E5: 120000 | F5: =C5*D5 | G5: =C5*E5
A6: Щит уличный IP65 12 мод., УЗО, автоматы, реле времени/фотореле | B6: компл. | C6: 1 | D6: 30000 | E6: 70000 | F6: =C6*D6 | G6: =C6*E6
A7: Кабель ВВГнг(А)-LS 3×1,5 | B7: м | C7: 900 | D7: 70 | E7: 110 | F7: =C7*D7 | G7: =C7*E7
A8: Кабель ВВГнг(А)-LS 3×2,5 | B8: м | C8: 1100 | D8: 100 | E8: 160 | F8: =C8*D8 | G8: =C8*E8
A9: Кабель ВВГнг(А)-LS 3×4 / 3×10 | B9: м | C9: 40 | D9: 200 | E9: 500 | F9: =C9*D9 | G9: =C9*E9
A10: Кабель ВВГнг(А)-LS 5×2,5 / 5×4 / 5×6 | B10: м | C10: 180 | D10: 250 | E10: 600 | F10: =C10*D10 | G10: =C10*E10
A11: Кабель ВВГнг(А)-LS 5×10 / 5×16 | B11: м | C11: 70 | D11: 700 | E11: 1300 | F11: =C11*D11 | G11: =C11*E11
A12: Кабель ввода АВБбШв 4×35 (или ВБбШв 5×16) | B12: м | C12: 40 | D12: 600 | E12: 1100 | F12: =C12*D12 | G12: =C12*E12
A13: Труба стальная тонкостенная / металлорукав РЗ-ЦХ Ø16…32 с фитингами | B13: м | C13: 1600 | D13: 150 | E13: 400 | F13: =C13*D13 | G13: =C13*E13
... A21: Освещение и розетка чердака, светильник IP54 | B21: компл. | C21: 1 | D21: 5000 | E21: 12000 | F21: =C21*D21 | G21: =C21*E21
A22: Материалы и оборудование (этап 1) | F22: =SUMIF(H2:H21,"",F2:F21) | G22: =SUMIF(H2:H21,"",G2:G21)
A23: Монтажные работы | F23: 885610 | G23: 1368670 | H23: оценка
A24: Крепёж, расходники, доставка | F24: 80510 | G24: 128816 | H24: оценка
A25: Электроизмерительная лаборатория, протоколы, техотчёт | F25: 40000 | G25: 90000 | H25: оценка
A26: ИТОГО этап 1 | F26: =SUM(F22:F25) | G26: =SUM(G22:G25)

Sheet СС
A1: Позиция | B1: Ед. | C1: Кол-во | D1: Цена мин., ₽ | E1: Цена макс., ₽ | F1: Сумма мин., ₽ | G1: Сумма макс., ₽ | H1: Примечание
A2: Шкаф 19" 12U настенный с вентиляцией и полками | B2: шт. | C2: 1 | D2: 15000 | E2: 35000 | F2: =C2*D2 | G2: =C2*E2
A3: Оптический терминал провайдера (ОНТ) | B3: шт. | C3: 1 | D3: 0 | E3: 5000 | F3: =C3*D3 | G3: =C3*E3
A4: Маршрутизатор с поддержкой резервного LTE-канала | B4: шт. | C4: 1 | D4: 15000 | E4: 40000 | F4: =C4*D4 | G4: =C4*E4
A5: Коммутатор PoE+ 24 порта, управляемый | B5: шт. | C5: 1 | D5: 35000 | E5: 90000 | F5: =C5*D5 | G5: =C5*E5
A6: Видеорегистратор (NVR) 16 каналов, HDD 2×4 ТБ | B6: компл. | C6: 1 | D6: 35000 | E6: 80000 | F6: =C6*D6 | G6: =C6*E6
A7: Контроллер «умного дома» с модулями Modbus/KNX, шлюз VRF | B7: компл. | C7: 1 | D7: 80000 | E7: 300000 | F7: =C7*D7 | G7: =C7*E7
A8: ИБП 1 кВА онлайн | B8: шт. | C8: 1 | D8: 25000 | E8: 60000 | F8: =C8*D8 | G8: =C8*E8
A9: Точка доступа Wi-Fi 6/7 потолочная, PoE | B9: шт. | C9: 10 | D9: 12000 | E9: 35000 | F9: =C9*D9 | G9: =C9*E9
A10: IP-камера 4 Мп уличная, ИК 30 м, PoE | B10: шт. | C10: 8 | D10: 8000 | E10: 25000 | F10: =C10*D10 | G10: =C10*E10
A11: Вызывная панель IP с камерой, электрозамок калитки | B11: компл. | C11: 1 | D11: 20000 | E11: 60000 | F11: =C11*D11 | G11: =C11*E11
A12: Монитор домофона IP 7" | B12: шт. | C12: 2 | D12: 15000 | E12: 40000 | F12: =C12*D12 | G12: =C12*E12
A13: Розетка RJ45 cat.6 двойная | B13: шт. | C13: 9 | D13: 1000 | E13: 3000 | F13: =C13*D13 | G13: =C13*E13
... A19: Металлорукав / гофра Ø20 для слаботочки | B19: м | C19: 600 | D19: 40 | E19: 150 | F19: =C19*D19 | G19: =C19*E19
A20: Материалы и оборудование (этап 1) | F20: =SUMIF(H2:H19,"",F2:F19) | G20: =SUMIF(H2:H19,"",G2:G19)
A21: Монтажные работы | F21: 225720 | G21: 338580 | H21: оценка
A22: Крепёж, расходники, доставка | F22: 28215 | G22: 45144 | H22: оценка
A23: Настройка сети, видеонаблюдения, домофона и «умного дома» | F23: 40000 | G23: 120000 | H23: оценка
A24: ИТОГО этап 1 | F24: =SUM(F20:F23) | G24: =SUM(G20:G23)

Sheet МЗ-ПС
A1: Позиция | B1: Ед. | C1: Кол-во | D1: Цена мин., ₽ | E1: Цена макс., ₽ | F1: Сумма мин., ₽ | G1: Сумма макс., ₽ | H1: Примечание
A2: Молниеприёмник стержневой Ø16 L=1,5 м оцинк. с креплением | B2: шт. | C2: 4 | D2: 4000 | E2: 10000 | F2: =C2*D2 | G2: =C2*E2
A3: Перемычки кровли (провод/полоса 16 мм²) с зажимами для фальца | B3: компл. | C3: 1 | D3: 15000 | E3: 35000 | F3: =C3*D3 | G3: =C3*E3
A4: Пруток Ø8 оцинк. (токоотводы) | B4: м | C4: 72 | D4: 150 | E4: 300 | F4: =C4*D4 | G4: =C4*E4
A5: Держатели токоотвода на фасад с отступом 100 мм | B5: шт. | C5: 72 | D5: 200 | E5: 500 | F5: =C5*D5 | G5: =C5*E5
A6: Соединитель контрольный (разъём) токоотвод–заземлитель | B6: шт. | C6: 8 | D6: 500 | E6: 1500 | F6: =C6*D6 | G6: =C6*E6
A7: Полоса стальная оцинкованная 40×4 | B7: м | C7: 113 | D7: 400 | E7: 700 | F7: =C7*D7 | G7: =C7*E7
A8: Электрод вертикальный Ø18 L=3 м (омеднённый/оцинк.) | B8: шт. | C8: 8 | D8: 3000 | E8: 7000 | F8: =C8*D8 | G8: =C8*E8
A9: Главная заземляющая шина (ГЗШ) | B9: шт. | C9: 1 | D9: 3000 | E9: 8000 | F9: =C9*D9 | G9: =C9*E9
A10: Коробка ДСУП с шиной (С/У, душевые, сауна) | B10: шт. | C10: 7 | D10: 1000 | E10: 2500 | F10: =C10*D10 | G10: =C10*E10
A11: Провод ПуГВ 6…16 мм² жёлто-зелёный | B11: м | C11: 120 | D11: 80 | E11: 250 | F11: =C11*D11 | G11: =C11*E11
A12: УЗИП класс I+II (ввод), класс II (щиты ПВУ, котельной) | B12: шт. | C12: 3 | D12: 8000 | E12: 25000 | F12: =C12*D12 | G12: =C12*E12
A13: Измерение сопротивления заземлителя, протокол | B13: усл. | C13: 1 | D13: 10000 | E13: 25000 | F13: =C13*D13 | G13: =C13*E13
... A19: Оповещатель звуковой (сирена) радиоканальный | B19: шт. | C19: 2 | D19: 6000 | E19: 12000 | F19: =C19*D19 | G19: =C19*E19
A20: Датчик метана с клапаном-отсекателем (этап 2, газ) | B20: компл. | C20: 1 | D20: 15000 | E20: 35000 | F20: =C20*D20 | G20: =C20*E20 | H20: этап 2
A21: Материалы и оборудование (этап 1) | F21: =SUMIF(H2:H20,"",F2:F20) | G21: =SUMIF(H2:H20,"",G2:G20)
A22: Монтажные работы | F22: 167250 | G22: 243000 | H22: оценка
A23: Крепёж, расходники, доставка | F23: 16100 | G23: 25760 | H23: оценка
A24: Программирование централи, проверка срабатывания ПС | F24: 10000 | G24: 30000 | H24: оценка
A25: ИТОГО этап 1 | F25: =SUM(F21:F24) | G25: =SUM(G21:G24)

Sheet НС
A1: Позиция | B1: Ед. | C1: Кол-во | D1: Цена мин., ₽ | E1: Цена макс., ₽ | F1: Сумма мин., ₽ | G1: Сумма макс., ₽ | H1: Примечание
A2: К1 бытовая: ПП Ø160 ≈ 45 м с траншеей и обратной засыпкой | B2: компл. | C2: 1 | D2: 225000 | E2: 450000 | F2: =C2*D2 | G2: =C2*E2
A3: Колодцы канализационные К1–К3 (ПП/ж/б Ø1000) с люками | B3: компл. | C3: 1 | D3: 105000 | E3: 240000 | F3: =C3*D3 | G3: =C3*E3
A4: В1 водопровод: ПЭ100 Ø32 ≈ 20 м, траншея h ≥ 1,8 м | B4: компл. | C4: 1 | D4: 70000 | E4: 130000 | F4: =C4*D4 | G4: =C4*E4
A5: Врезка в центральную сеть, водомерный колодец (по ТУ водоканала) | B5: компл. | C5: 1 | D5: 80000 | E5: 250000 | F5: =C5*D5 | G5: =C5*E5
A6: Кабель 0,4 кВ АВБбШв 4×35 ≈ 20 м в ПНД Ø110 с траншеей | B6: компл. | C6: 1 | D6: 70000 | E6: 130000 | F6: =C6*D6 | G6: =C6*E6
A7: Технологическое присоединение 50 кВт (плата по договору с Россетями) | B7: компл. | C7: 1 | D7: 100000 | E7: 600000 | F7: =C7*D7 | G7: =C7*E7
A8: Слаботочка: ПНД Ø50 ≈ 25 м (в общей траншее) | B8: компл. | C8: 1 | D8: 15000 | E8: 37500 | F8: =C8*D8 | G8: =C8*E8
A9: Дренаж и ливнёвка ≈ 90 м: ПВХ Ø110–160, щебень, геотекстиль, колодцы | B9: компл. | C9: 1 | D9: 315000 | E9: 630000 | F9: =C9*D9 | G9: =C9*E9
A10: Газ (этап 2): газопровод по участку ≈ 15 м, проект ГСВ, пуск | B10: компл. | C10: 1 | D10: 200000 | E10: 550000 | F10: =C10*D10 | G10: =C10*E10 | H10: этап 2
A11: КНС на участке — только если по ТУ нет самотёка (опция) | B11: компл. | C11: 1 | D11: 350000 | E11: 800000 | F11: =C11*D11 | G11: =C11*E11 | H11: опция, не в итоге
A12: ИТОГО этап 1 | F12: =SUMIF(H2:H11,"",F2:F11) | G12: =SUMIF(H2:H11,"",G2:G11)
